{"NudgeFaster":["Ctrl+F1"],"ScrollLock":["Ctrl+F2"],"ScrollLockTypeSwitch":["Ctrl+F3"],"Cut":["Ctrl+X"],"Copy":["Ctrl+C"],"Paste":["Ctrl+V"],"Delete":["Delete"],"Duplicate":["Ctrl+D"],"SelectAll":["Ctrl+A"],"Undo":["Ctrl+Z"],"Redo":["Ctrl+Y"],"New":["Ctrl+N"],"Open":["Ctrl+O"],"OpenDataDir":["Ctrl+Alt+O"],"_Save":["Ctrl+S"],"SaveAs":["Ctrl+Alt+S"],"ResetZoomLevel":["Ctrl+NumPad0","Ctrl+0"],"UnloadScene":["Ctrl+U"],"ShowPathA":["Ctrl+1"],"ShowPathB":["Ctrl+2"],"BackupNormal":["None"],"BackupStageConfig":["None"],"Recover":["None"],"RunScene":["Ctrl+R"],"RefreshResources":["F5"],"ShowGrid":["Ctrl+G"],"ShowTileID":["Shift+3"],"FlipH":["M"],"FlipV":["F"],"FlipVTiles":["ShiftKey"],"FlipHTiles":["ControlKey"],"FlipHIndv":["Ctrl+M"],"FlipVIndv":["Ctrl+F"],"StatusBoxToggle":["F3"],"PasteToChunk":["Ctrl+Shift+V"],"ForceOpenOnStartup":["None"],"DeveloperInterface":["None"],"CopyAirTiles":["Ctrl+P"],"PointerTooltipToggle":["None"],"PointerTool":["1"],"SelectTool":["2"],"DrawTool":["3"],"SplineTool":["4"],"StampTool":["5"],"MagnetTool":["6"],"TileManiacNewInstance":["Ctrl+N"],"TileManiacOpen":["Ctrl+O"],"TileManiacSave":["Ctrl+S"],"TileManiacSaveAs":["Ctrl+Alt+S"],"TileManiacSaveAsUncompressed":["Ctrl+Alt+U"],"TileManiacSaveUncompressed":["Ctrl+U"],"TileManiacbackupConfig":null,"TileManiacbackupImage":null,"TileManiacImportFromOlderRSDK":null,"TileManiacOpenSingleColMask":null,"TileManiacExportColMask":null,"TileManiacCopy":["Ctrl+C"],"TileManiacPaste":["Ctrl+V"],"TileManiacPastetoOther":["Ctrl+Alt+V"],"TileManiacMirrorMode":["Ctrl+M"],"TileManiacRestorePathA":null,"TileManiacRestorePathB":null,"TileManiacRestorePaths":null,"TileManiacShowPathB":["Ctrl+B"],"TileManiacShowGrid":["Ctrl+G"],"TileManiacClassicMode":null,"TileManiacSplitFile":null,"TileManiacFlipTileH":null,"TileManiacFlipTileV":null,"TileManiacHomeFolderOpen":null,"TileManiacAbout":null,"TileManiacSettings":null,"TileManiacWindowAlwaysOnTop":["Ctrl+T"],"TileManiacCut":["Ctrl+X"]}