{"FGLowerDefault":true,"FGLowDefault":true,"FGHighDefault":true,"FGHigherDefault":true,"SolidTopADefault":false,"SolidAllButTopADefault":false,"SolidTopBDefault":false,"SolidAllButTopBDefault":false,"EntitiesDefault":true,"TilesDefaultZoom":1,"ChunksDefaultZoom":1,"DefaultGridSizeOption":0,"DefaultCollisionColors":0,"SceneSelectFilesViewDefault":false,"DefaultGridColor":"Black","EditEntitiesTransparentLayersDefault":false,"ScrollLockDefault":true,"EnablePixelModeDefault":false,"ShowEntityArrowPathsDefault":false,"ShowWaterEntityLevelDefault":false,"AlwaysShowWaterLevelDefault":false,"SizeWaterLevelWithBoundsDefault":false,"ShowFullParallaxSpritesDefault":false,"ShowEntitySelectionBoxesDefault":true,"ShowDebugStatsDefault":false,"ScrollLockDirectionDefault":false,"MenuButtonLayoutDefault":"Xbox","MenuLanguageDefault":"EN","WaterEntityColorDefault":"Blue","ShowPinballEntities":true,"ShowFilterlessEntities":true,"ShowManiaEntities":true,"ShowEncoreEntities":true,"ShowBothEntities":true,"ShowOtherEntities":true,"DefaultFilter":"E","CollisionSAColour":"White","CollisionTOColour":"Yellow","CollisionLRDColour":"Red","CustomGridSizeValue":16,"FasterNudgeValue":5,"ModLoaderPath":null,"SonicManiaPath":null,"AnimationEditorPath":null,"CustomFGHigher":null,"CustomFGLower":null,"CheatEnginePath":null,"ImageEditorPath":null,"ImageEditorArguments":null,"TileManiacListSetting":0,"TileManiacRenderViewerSetting":0,"TileManiacShowGrid":false,"TileManiacMirrorMode":false,"TileManiacAllowDirect16x16TilesGIFEditing":false,"TileManiacPromptForChoiceOnImageWrite":false,"TileManiacEnableWindowsClipboard":false}