{"IsMaximized":false,"RecentDataDirectories":null,"SavedDataDirectories":null,"DefaultMasterDataDirectory":null,"UpgradeRequired":false,"KeepLayersVisible":false,"RemoveObjectImportLock":false,"DisableSaveWarnings":false,"ShowDiscordRPC":true,"NeverShowThisAgain":false,"SavedPlaces":null,"ModLoaderConfigs":null,"ModLoaderConfigsNames":null,"UseBitOperators":false,"ShowFirstTimeSetup":true,"UserTheme":0,"LastModConfig":null,"ScrollerAutoCenters":false,"ShowUnhandledExceptions":false,"SaveStates":false,"ScrollerPressReleaseMode":false}